Customer ID,Recency,Frequency,Monetary
12346,164,11,372
12347,2,2,1323
12348,73,1,222
12349,42,3,2671
12351,10,1,300
12352,10,2,343
12353,43,1,317
12355,202,1,488
12356,15,3,3562
12357,23,2,12079
12358,10,3,2719
12359,60,6,2563
12360,14,5,1590
12361,97,3,321
12362,373,1,130
12366,268,1,500
12368,263,1,917
12369,48,3,1791
12370,259,3,774
12371,44,3,2179
12373,259,2,763
12374,56,3,2246
12376,24,2,503
12377,16,2,1798
12378,197,1,1407
12379,57,2,767
12380,100,7,6951
12385,14,1,1938
12386,1,1,258
12387,50,1,143
12388,80,2,1120
12389,37,3,1433
12391,99,5,2312
12392,226,1,234
12393,17,2,816
12395,6,4,2048
12396,309,1,931
12399,20,3,853
12400,49,1,205
12402,27,5,1031
12403,156,1,591
12404,317,1,63
12406,34,3,2975
12408,20,3,1452
12409,55,4,12346
12410,137,1,320
12411,44,1,346
12412,37,3,1370
12413,37,1,241
12414,98,3,390
12415,10,7,19543
12416,291,1,202
12417,45,11,3167
12418,48,3,1352
12419,20,2,503
12421,50,2,291
12422,29,14,4428
12423,22,2,763
12424,57,2,1579
12425,83,1,964
12426,297,1,762
12427,6,1,303
12429,0,5,3735
12431,8,13,4370
12433,1,5,7205
12434,16,1,297
12435,31,4,6096
12437,30,21,7731
12439,317,2,1158
12440,97,2,859
12441,1,1,173
12443,367,1,485
12445,55,1,301
12449,45,2,768
12450,34,3,490
12451,98,3,3634
12454,30,4,13151
12455,80,4,3413
12457,70,1,632
12458,62,2,830
12459,240,1,454
12460,91,1,326
12466,317,1,56
12467,58,1,132
12468,161,3,2941
12469,157,2,3070
12470,324,1,211
12471,9,49,20139
12472,4,13,11308
12474,13,13,5048
12475,44,1,426
12476,31,12,7298
12477,34,3,7056
12480,34,3,2183
12481,0,6,6765
12482,211,29,23691
12483,13,11,2635
12484,118,6,1828
12485,164,1,708
12486,66,1,1037
12487,365,1,285
12490,13,11,4405
12492,38,1,452
12494,0,3,626
12495,275,1,357
12496,255,2,54
12497,35,2,5205
12499,195,1,393
12500,70,8,1697
12503,219,1,1126
12504,52,2,297
12505,43,1,955
12507,219,1,539
12510,94,7,4195
12511,63,1,3084
12514,276,1,580
12516,65,2,1336
12519,111,1,385
12523,9,12,2582
12524,23,9,6640
12525,133,3,973
12527,129,2,386
12529,163,1,316
12530,50,5,2096
12531,321,1,1807
12533,262,2,1367
12537,43,1,732
12538,13,1,276
12539,85,3,5646
12540,13,16,8854
12542,119,2,481
12543,83,1,980
12547,135,1,175
12549,210,6,1575
12553,20,2,916
12554,83,1,468
12555,317,1,129
12557,6,4,6725
12562,20,2,1185
12563,43,1,249
12567,2,7,4308
12568,279,1,70
12570,317,1,77
12573,16,4,556
12575,92,2,622
12576,27,3,826
12577,16,5,995
12578,20,2,1847
12580,211,1,637
12582,57,2,1469
12583,8,13,7166
12586,9,3,1865
12588,34,3,743
12589,56,6,4048
12591,25,2,899
12592,154,3,2145
12594,13,5,1751
12595,139,1,299
12598,98,3,1511
12599,16,6,1264
12600,6,12,2444
12601,39,1,104
12605,11,4,1232
12606,317,1,21
12608,39,1,415
12609,9,6,2309
12613,23,5,3490
12615,48,4,3449
12616,23,1,417
12619,195,1,140
12621,0,16,11086
12623,51,6,3442
12625,144,2,2481
12629,20,2,1558
12631,91,5,2841
12632,155,2,804
12633,17,3,3514
12634,170,2,490
12635,27,2,1241
12636,373,1,141
12637,13,4,2318
12638,274,1,249
12639,69,2,826
12643,20,6,5005
12644,65,3,1440
12645,44,4,1764
12647,2,27,14201
12648,72,3,793
12649,17,5,1671
12651,13,3,263
12652,69,1,97
12653,161,1,1950
12655,58,1,261
12656,60,3,2356
12661,71,1,162
12662,8,10,3138
12663,259,2,239
12664,149,2,1188
12665,52,2,250
12666,29,1,1248
12668,13,6,7637
12670,20,2,764
12671,241,1,2622
12672,230,1,211
12673,36,1,619
12675,188,2,958
12676,43,5,1511
12677,190,2,395
12678,10,9,16652
12681,2,24,17080
12682,0,23,11745
12683,0,8,4220
12686,6,1,89
12687,115,2,2138
12691,55,1,134
12692,272,1,110
12693,31,3,847
12694,56,1,973
12695,163,3,825
12696,69,2,851
12698,225,1,339
12699,52,1,638
12701,164,4,1648
12703,268,3,722
12705,18,5,4893
12708,3,9,2601
12709,1,20,21356
12711,246,2,1339
12712,0,10,2797
12714,23,7,9384
12717,225,1,277
12720,4,6,2478
12721,20,2,1356
12724,18,3,1286
12725,6,4,2266
12726,22,4,1405
12727,77,3,1698
12728,18,1,233
12730,156,1,829
12731,77,5,6879
12733,24,3,2040
12734,9,2,529
12737,133,2,3710
12738,7,1,155
12739,20,2,1713
12741,164,2,406
12742,260,1,1201
12744,94,4,4037
12745,121,3,925
12746,175,1,254
12747,4,16,5080
12748,0,144,22879
12749,34,4,2806
12751,79,1,268
12755,0,10,5218
12758,94,5,7111
12759,21,5,3489
12760,90,1,347
12761,92,2,782
12763,4,1,320
12765,107,6,1404
12766,1,3,3078
12767,10,1,949
12768,85,1,168
12770,91,1,1895
12771,120,1,282
12773,199,1,124
12774,170,1,98
12775,23,2,300
12776,302,1,55
12777,92,1,519
12778,31,3,953
12779,6,7,2740
12780,233,1,337
12782,9,6,2287
12784,164,1,1230
12785,170,2,788
12786,244,1,728
12787,48,1,398
12788,98,4,444
12789,147,2,181
12790,45,1,266
12791,8,6,863
12792,169,1,426
12793,6,2,471
12796,263,1,381
12797,0,2,552
12798,56,1,1533
12799,164,1,219
12800,105,3,584
12801,135,1,1071
12802,77,6,1988
12803,28,1,1092
12804,100,2,327
12805,16,4,1434
12806,70,4,2878
12807,18,1,330
12808,3,3,422
12809,200,2,1266
12810,169,2,534
12811,13,2,519
12813,136,3,1687
12817,34,2,524
12819,93,1,540
12820,32,7,1747
12821,246,1,128
12823,29,13,4742
12825,156,2,518
12826,0,6,1481
12829,185,1,92
12831,98,2,236
12835,62,41,6043
12836,24,11,3972
12837,204,1,554
12838,8,9,2715
12839,2,13,4480
12840,72,3,1315
12841,4,17,3518
12842,39,2,799
12843,17,22,4886
12844,77,2,322
12846,317,1,15
12847,22,1,765
12848,310,1,208
12849,16,4,2039
12850,80,1,330
12851,112,1,148
12853,62,5,1950
12854,196,4,1669
12855,7,4,612
12857,71,4,2581
12858,18,1,177
12859,93,1,575
12860,328,1,55
12861,254,1,68
12862,60,2,1008
12863,14,5,2271
12864,143,1,152
12865,13,2,1755
12866,109,2,668
12867,32,6,3876
12868,8,3,640
12869,316,1,337
12870,10,3,1676
12871,74,1,363
12872,0,11,3085
12873,32,2,1653
12874,20,2,948
12875,106,3,1013
12876,29,2,1863
12877,36,8,1419
12880,16,2,640
12887,18,1,222
12889,16,4,385
12890,22,1,336
12891,93,8,509
12892,31,1,263
12894,210,1,157
12897,16,2,297
12898,98,2,310
12899,48,1,366
12900,57,1,340
12903,63,1,833
12905,211,2,1018
12907,30,2,508
12908,15,3,1026
12909,59,3,924
12910,14,5,2721
12911,186,1,1680
12913,3,9,4217
12914,35,1,223
12915,7,3,811
12916,77,3,1647
12917,35,5,3765
12918,261,1,10953
12920,206,3,323
12921,1,39,19333
12923,25,2,612
12924,28,8,1535
12925,227,1,35
12926,46,4,1548
12927,29,1,197
12928,13,7,2242
12931,15,42,50291
12932,174,8,1698
12933,15,5,1079
12934,371,1,181
12935,10,8,2083
12937,98,5,1593
12939,14,12,13683
12941,359,1,377
12942,0,1,258
12943,193,2,496
12945,291,1,437
12946,71,1,324
12947,8,1,304
12948,365,2,252
12949,17,14,11359
12951,21,9,2149
12953,157,1,498
12954,273,1,162
12956,319,3,413
12957,176,5,4689
12958,35,2,539
12959,119,1,150
12960,48,4,1322
12961,14,1,211
12963,0,5,1744
12964,72,1,132
12967,6,2,2646
12969,237,1,122
12970,15,6,1072
12971,1,33,4782
12972,48,4,1161
12973,48,1,385
12974,200,1,264
12975,71,6,2100
12976,13,7,2417
12977,136,3,478
12978,20,5,2502
12979,364,1,517
12980,21,12,8870
12982,29,7,2354
12983,233,1,490
12986,63,10,2729
12987,55,3,753
12989,59,18,6627
12990,52,4,546
12991,24,1,261
12992,360,1,93
12993,80,4,844
12996,10,1,355
12997,29,4,884
12998,127,3,920
13000,360,1,497
13001,39,20,14353
13002,51,2,293
13004,21,18,5994
13005,66,2,485
13007,214,1,175
13008,32,2,382
13009,307,1,234
13010,9,2,330
13011,7,1,50
13012,64,3,1310
13013,6,18,7814
13014,67,1,1914
13015,73,6,3240
13018,48,7,2485
13019,14,6,1229
13020,197,2,618
13021,9,8,2270
13022,64,1,65
13023,163,1,759
13024,105,2,555
13025,366,1,323
13026,123,4,757
13027,20,13,10423
13029,9,2,679
13030,3,1,427
13031,42,5,3419
13032,27,7,1833
13033,64,1,30
13034,4,2,279
13035,66,1,442
13036,319,1,307
13037,34,9,3033
13039,219,4,1010
13041,85,4,799
13042,233,3,1556
13044,127,10,4293
13045,36,2,503
13046,91,1,319
13047,8,17,5557
13048,71,5,2248
13049,24,2,751
13050,1,19,6507
13051,213,2,155
13052,55,6,2820
13053,256,1,127
13055,64,1,1106
13056,186,1,209
13057,165,3,722
13059,48,9,2119
13063,115,1,188
13064,185,2,561
13065,8,5,1055
13067,44,2,393
13069,4,16,5247
13070,94,3,522
13071,247,1,129
13073,46,2,418
13074,146,4,1378
13076,92,1,135
13077,1,8,2335
13078,1,32,16904
13079,52,1,199
13080,36,3,222
13081,6,19,30867
13082,59,12,3722
13083,60,1,91
13084,126,1,122
13085,314,6,2017
13086,17,1,439
13087,361,1,313
13088,52,1,236
13089,3,109,57912
13090,0,13,5192
13091,364,2,1976
13092,49,7,1662
13093,8,48,47111
13094,3,2,505
13096,29,1,419
13097,23,18,7378
13101,133,3,594
13102,0,14,5272
13103,72,2,465
13104,50,3,610
13105,71,1,72
13106,48,1,526
13107,48,5,3721
13108,7,2,748
13109,186,1,347
13110,72,5,1468
13111,353,1,321
13112,176,1,20
13113,1,14,6379
13114,365,1,234
13115,14,6,3199
13117,0,12,1658
13118,11,4,1217
13119,303,1,134
13123,107,2,506
13124,20,1,916
13125,158,1,158
13126,1,7,1898
13128,266,1,263
13129,87,2,233
13131,53,4,2240
13133,94,1,90
13134,37,2,681
13135,126,1,275
13136,10,8,3666
13137,21,8,4062
13138,7,2,504
13139,72,1,3138
13140,1,3,791
13141,20,12,5279
13143,219,1,405
13144,66,1,24
13145,7,4,805
13148,24,14,4914
13150,119,3,449
13151,260,2,1322
13152,52,7,2146
13154,34,3,1624
13155,3,3,778
13156,20,3,1586
13157,44,5,3946
13158,23,1,307
13161,135,1,366
13162,15,12,7587
13163,245,1,17
13164,204,2,372
13165,48,1,429
13166,49,1,466
13167,25,1,333
13168,177,1,556
13169,197,1,127
13172,35,1,69
13173,2,10,2285
13174,4,10,6677
13175,217,2,831
13177,65,1,229
13178,32,10,8333
13179,253,1,572
13180,242,1,86
13181,16,1,359
13183,29,6,3078
13187,259,3,130
13190,179,3,570
13191,293,1,164
13192,170,4,1646
13194,56,1,412
13195,49,1,172
13196,78,3,1271
13197,244,1,373
13198,22,2,1572
13199,1,30,6615
13201,137,4,1240
13202,29,7,1580
13203,21,6,1778
13204,366,1,966
13205,78,1,2803
13206,35,13,8377
13207,86,2,285
13208,84,3,764
13209,149,5,2617
13211,16,7,1531
13213,18,6,2330
13214,52,7,3264
13215,37,1,81
13217,290,1,132
13219,253,1,76
13220,210,1,516
13222,212,1,88
13223,58,4,805
13225,56,9,9796
13226,28,1,204
13230,0,17,3553
13233,55,2,571
13234,307,2,356
13237,22,1,643
13238,65,2,305
13239,72,4,1265
13240,0,5,1074
13241,46,1,115
13242,86,4,429
13243,84,4,677
13245,67,1,558
13246,28,5,1400
13249,36,6,897
13250,95,2,256
13251,37,1,252
13252,29,2,399
13253,65,2,1920
13254,11,1,51
13255,8,2,504
13257,71,1,149
13258,14,2,336
13259,32,8,1141
13262,24,2,373
13263,28,4,1250
13264,77,1,722
13266,48,7,2300
13267,1,18,5236
13269,4,14,3545
13270,1,1,590
13274,44,1,360
13275,18,2,241
13276,32,3,1348
13277,15,3,264
13278,34,3,893
13280,14,4,1507
13281,74,1,350
13282,41,1,181
13283,202,2,279
13285,235,2,655
13286,235,1,734
13287,238,3,781
13288,78,5,927
13289,358,1,307
13290,73,1,208
13291,49,10,2959
13292,50,3,415
13293,27,6,1192
13294,281,1,815
13295,11,3,900
13296,58,5,705
13297,20,3,2278
13299,58,2,1076
13300,23,2,913
13302,161,1,95
13303,35,1,61
13304,90,3,917
13305,7,7,1753
13306,65,1,53
13307,122,2,258
13308,231,1,284
13309,27,1,249
13310,15,2,409
13312,86,1,124
13313,114,7,1890
13315,324,1,310
13316,27,6,7213
13317,20,13,4212
13319,0,34,11236
13320,69,2,679
13324,63,8,3391
13326,67,1,281
13327,0,14,6251
13329,1,7,4323
13330,90,3,1665
13331,36,1,262
13333,46,3,1015
13334,171,2,2726
13337,181,1,1575
13338,176,3,1958
13340,52,5,11364
13346,97,6,299
13357,129,4,3228
13359,38,1,603
13360,66,4,1553
13361,107,2,1450
13362,13,3,2303
13363,44,1,731
13367,66,1,510
13368,49,2,498
13369,0,1,308
13370,6,1,754
13371,140,2,2297
13373,50,3,4274
13374,49,2,422
13375,79,1,1013
13377,31,2,1552
13380,67,1,62
13381,14,6,4585
13382,63,4,1164
13383,178,1,305
13384,25,4,2528
13386,49,2,835
13387,52,1,189
13388,238,1,508
13392,312,1,91
13393,218,4,1131
13394,14,11,4101
13395,35,2,872
13397,72,5,1647
13398,83,1,213
13399,99,3,275
13400,217,1,310
13402,7,3,913
13403,22,2,154
13405,116,3,641
13406,62,2,568
13407,213,3,2244
13408,6,46,23616
13410,28,4,1198
13412,255,1,487
13413,274,6,429
13414,98,3,1103
13415,107,4,800
13416,371,1,228
13417,182,4,1028
13418,7,15,6106
13421,41,6,2252
13423,63,1,217
13424,84,1,572
13425,143,2,1779
13426,17,12,4526
13427,112,3,423
13428,149,2,281
13431,41,6,2047
13432,206,2,439
13433,136,4,658
13434,20,3,1132
13435,11,2,665
13438,182,1,46
13439,23,2,702
13440,58,7,1295
13441,66,1,424
13442,302,3,419
13443,83,6,1280
13444,9,2,631
13445,261,1,241
13446,65,11,3881
13448,8,9,5701
13450,9,7,2076
13451,16,6,4214
13452,107,1,139
13453,37,1,424
13454,276,1,219
13455,1,5,1847
13457,323,2,148
13458,14,2,2312
13459,259,2,1160
13461,42,3,2715
13462,45,4,1002
13464,29,5,2422
13465,81,2,931
13466,43,4,705
13468,3,38,7685
13469,288,1,82
13472,98,2,592
13473,209,6,2235
13474,78,2,434
13476,41,3,823
13477,90,5,1379
13478,104,5,2215
13479,87,2,550
13480,51,2,627
13481,9,6,2026
13482,262,1,151
13484,18,2,476
13485,11,10,2564
13487,140,2,271
13488,2,11,6619
13490,289,1,154
13491,7,18,3350
13495,3,6,3329
13497,3,5,972
13498,365,1,327
13500,36,1,299
13501,121,2,1544
13502,50,2,488
13503,114,5,1688
13506,4,4,1180
13508,277,1,176
13509,142,1,135
13510,10,7,2766
13511,311,1,282
13512,22,3,462
13513,76,2,619
13514,63,3,663
13515,84,2,374
13516,52,1,295
13519,77,1,220
13520,6,6,3285
13523,1,2,1136
13526,373,2,1182
13527,53,5,2396
13530,269,1,402
13531,1,5,1254
13534,14,10,1850
13535,37,1,89
13537,60,2,717
13538,31,5,1831
13539,55,4,938
13540,102,3,632
13541,62,2,785
13542,11,17,4006
13543,269,2,1439
13544,46,4,537
13545,25,2,374
13546,17,2,465
13547,43,1,175
13548,106,1,226
13549,22,1,87
13550,18,1,349
13551,301,1,152
13552,63,10,3238
13553,309,1,517
13554,15,7,1638
13555,13,9,4849
13556,64,2,200
13557,50,11,2448
13559,147,2,990
13561,32,10,1678
13562,36,5,3038
13564,3,35,15500
13565,46,1,174
13566,69,3,833
13567,63,4,1083
13569,2,3,520
13571,17,14,2454
13573,14,4,622
13574,46,1,421
13576,8,11,4834
13577,17,7,1801
13578,44,1,147
13579,4,4,1072
13580,41,1,107
13581,49,1,162
13582,24,2,241
13583,314,1,664
13584,133,2,250
13585,165,3,684
13586,176,1,131
13587,84,3,961
13589,84,4,741
13590,10,12,4367
13591,70,4,976
13593,22,9,3486
13594,120,1,136
13595,151,3,818
13597,35,2,396
13598,130,4,609
13599,1,14,5013
13600,269,1,298
13601,27,2,491
13602,16,3,596
13604,293,1,717
13605,22,2,522
13607,37,1,400
13608,175,1,236
13609,228,1,167
13610,22,7,1044
13611,9,7,2147
13612,267,1,818
13613,87,5,1039
13614,28,2,748
13615,34,7,5854
13616,203,2,288
13617,43,5,734
13619,179,2,231
13620,163,1,112
13622,331,1,658
13623,15,5,1818
13624,23,1,462
13625,231,1,301
13626,14,1,449
13627,123,2,607
13628,311,1,310
13629,48,8,5578
13632,29,3,1526
13634,9,11,3498
13635,77,3,1928
13639,71,1,312
13640,246,1,405
13641,275,5,1016
13642,67,3,159
13643,17,7,1637
13646,34,2,326
13647,129,4,1393
13648,35,8,1764
13649,1,5,1332
13650,9,4,1451
13651,16,1,132
13652,3,3,1475
13653,122,1,152
13654,15,5,3600
13655,9,4,1347
13656,134,2,699
13658,18,4,3386
13659,51,10,3321
13660,35,1,314
13661,238,1,325
13662,20,8,1352
13663,15,4,1858
13665,21,3,1711
13666,55,2,43
13668,18,14,6726
13669,42,1,195
13671,29,1,194
13672,365,1,233
13674,67,1,240
13676,174,2,243
13677,39,2,556
13679,128,3,281
13680,106,8,7713
13683,92,1,258
13684,25,3,529
13686,15,2,337
13687,73,1,11880
13688,270,1,375
13689,79,1,349
13691,31,1,212
13692,43,2,1626
13693,9,9,2011
13694,8,94,131443
13695,212,1,266
13696,56,3,2020
13698,231,2,465
13699,185,1,455
13700,52,3,348
13701,81,1,161
13702,80,1,135
13703,50,1,326
13705,8,5,1323
13706,261,1,300
13707,64,3,2559
13709,81,5,1263
13710,58,2,329
13711,41,7,1540
13712,245,1,537
13713,43,3,743
13714,100,1,161
13715,7,13,7403
13717,92,2,318
13719,28,6,1773
13721,30,1,217
13722,55,7,3260
13723,27,5,1009
13724,272,1,213
13727,246,6,746
13728,22,10,1839
13729,70,3,724
13733,45,2,487
13734,143,4,6701
13735,11,9,6927
13736,60,5,2034
13738,31,1,440
13739,162,1,75
13740,50,4,1247
13745,181,1,477
13746,48,1,176
13747,8,2,169
13748,8,5,1320
13750,15,6,1954
13752,162,1,404
13753,233,3,1353
13754,72,1,164
13756,2,10,4017
13757,309,1,195
13758,1,10,6226
13760,39,3,1076
13761,137,4,881
13762,228,4,2165
13763,52,2,3502
13764,204,3,1431
13765,288,1,352
13766,130,1,190
13767,4,39,18320
13768,361,2,875
13769,2,11,3003
13770,57,4,785
13771,168,5,3094
13772,35,5,1982
13773,31,2,301
13775,225,1,1049
13776,63,2,623
13777,1,37,30501
13778,126,3,945
13779,150,1,161
13780,42,1,375
13781,227,2,650
13782,88,7,881
13783,122,4,1542
13784,69,3,447
13785,63,4,542
13786,2,6,3128
13787,93,4,913
13788,140,1,3
13789,23,1,239
13792,57,1,188
13793,281,1,96
13794,181,1,126
13795,23,4,836
13796,134,1,289
13797,71,3,1179
13798,7,54,38683
13799,79,7,2114
13800,65,2,1121
13802,9,16,21659
13803,66,2,1061
13804,70,2,572
13807,2,3,422
13809,29,2,524
13813,162,4,1398
13814,162,1,678
13815,41,4,3448
13818,64,1,61
13819,304,3,1502
13820,53,3,660
13821,28,4,1025
13823,15,5,2445
13824,14,7,1615
13825,256,2,255
13829,56,1,102
13830,216,1,156
13831,4,13,4820
13832,57,1,561
13833,39,1,316
13834,211,2,324
13835,154,3,260
13836,34,2,620
13838,4,7,1274
13839,121,1,139
13840,51,1,651
13842,1,10,2244
13843,16,1,319
13846,34,1,442
13847,354,1,310
13848,1,6,2080
13849,32,3,1931
13851,14,5,1955
13852,245,1,187
13854,0,15,4144
13855,135,4,1310
13856,98,8,753
13857,28,6,1001
13859,164,1,314
13861,64,2,273
13862,24,1,346
13863,100,3,933
13864,21,1,662
13869,16,6,5006
13870,22,7,2941
13871,63,4,1482
13872,162,3,919
13873,18,5,649
13874,139,6,1508
13875,22,9,3027
13877,105,2,332
13878,182,3,1191
13879,280,1,395
13880,2,5,1171
13881,10,23,28019
13883,38,10,3885
13884,11,5,1100
13888,39,5,1563
13889,17,5,1574
13890,9,4,1043
13891,13,3,863
13892,112,2,634
13895,150,2,1415
13896,260,1,388
13897,73,2,849
13898,46,1,530
13900,24,3,869
13901,9,10,2809
13902,267,5,34095
13903,35,1,165
13905,367,1,312
13906,44,1,42
13907,326,1,136
13909,58,2,286
13911,14,11,1654
13912,58,1,124
13913,141,1,42
13915,29,1,70
13916,98,4,1275
13919,59,2,975
13920,66,4,1774
13921,37,4,730
13922,72,2,692
13927,72,1,359
13929,51,9,2651
13931,27,9,4019
13935,231,3,6116
13936,17,2,563
13937,37,1,721
13939,66,4,992
13941,7,11,6009
13942,169,1,320
13943,212,1,246
13944,288,1,200
13945,29,2,854
13946,11,3,1314
13948,46,3,446
13952,15,12,9572
13953,44,5,3125
13955,10,1,222
13957,52,3,458
13958,14,8,4709
13959,34,3,477
13961,27,1,538
13962,70,1,193
13963,2,14,2347
13964,22,2,438
13965,111,3,996
13966,70,1,390
13967,31,1,85
13968,58,1,123
13969,0,18,4311
13970,21,2,846
13971,58,6,1909
13974,217,1,264
13975,28,6,2832
13976,141,3,834
13977,46,1,519
13979,28,6,2546
13980,74,4,599
13981,50,1,331
13982,0,6,2573
13983,1,10,4505
13984,1,8,1128
13985,9,7,2960
13987,14,2,682
13988,18,2,609
13989,99,3,759
13992,15,2,142
13993,14,10,3309
13995,14,9,2508
13996,21,2,895
13997,154,3,382
13998,81,3,566
13999,9,17,5600
14000,49,4,1410
14001,8,7,2487
14003,367,1,209
14004,28,4,1675
14006,163,4,1234
14007,147,1,79
14008,67,1,509
14009,97,1,404
14010,200,2,445
14011,115,2,457
14013,15,2,611
14014,11,2,1443
14016,31,7,7062
14017,206,1,229
14018,280,1,367
14020,111,2,606
14021,9,4,1084
14022,121,1,352
14024,25,1,318
14025,99,8,4057
14026,105,2,713
14028,185,3,10396
14030,1,14,5902
14031,0,27,23712
14032,1,6,1874
14033,190,1,109
14035,41,4,1428
14037,113,4,689
14038,32,2,1509
14039,210,1,115
14040,21,23,9030
14042,360,1,431
14043,126,2,304
14044,53,6,2470
14045,8,13,9653
14047,7,10,2946
14048,17,2,338
14049,22,9,7557
14051,1,15,6823
14052,25,1,255
14053,32,2,312
14055,212,2,795
14057,16,5,2190
14058,97,2,469
14060,1,13,3378
14061,142,3,917
14062,9,12,15139
14063,73,9,22710
14064,65,10,1978
14065,24,3,891
14068,238,3,1262
14069,149,2,230
14070,319,1,326
14072,301,1,390
14074,258,1,219
14075,38,3,792
14077,30,1,115
14078,8,4,643
14079,317,1,243
14080,48,4,1070
14081,4,9,4435
14082,27,1,231
14083,6,3,388
14084,147,1,150
14085,3,16,5656
14086,97,1,39
14087,39,2,651
14088,41,3,13544
14091,289,2,9530
14092,9,10,3152
14094,74,1,335
14095,357,1,2
14097,116,2,422
14099,10,9,2661
14101,23,7,3985
14103,300,1,0
14104,24,3,555
14105,43,4,4722
14106,372,1,214
14107,83,4,2174
14108,366,2,447
14110,70,21,7304
14112,86,6,2919
14113,10,12,5252
14114,30,5,977
14115,136,2,622
14118,63,1,458
14119,10,2,183
14122,41,3,362
14123,368,1,436
14126,79,1,466
14127,15,3,1190
14128,186,1,286
14129,34,4,1467
14130,10,3,1398
14131,283,1,187
14133,368,1,305
14134,17,15,11123
14135,2,11,4953
14136,35,5,1570
14137,330,1,332
14139,125,3,670
14142,8,2,671
14144,121,1,30
14145,94,3,3857
14146,18,7,5259
14147,23,7,2106
14148,49,1,309
14151,308,2,679
14152,22,5,1376
14153,118,1,233
14154,16,6,5115
14156,6,102,196566
14157,24,3,569
14159,14,9,3245
14160,245,7,8421
14161,4,5,2208
14163,97,1,148
14166,140,2,256
14167,99,4,721
14168,55,2,370
14169,65,2,624
14170,10,3,597
14171,365,1,135
14172,240,3,402
14173,276,2,135
14175,53,5,4456
14176,2,2,339
14177,16,9,1669
14180,7,9,1570
14181,45,2,310
14182,78,4,678
14183,46,2,286
14186,62,5,1550
14187,108,1,123
14189,3,2,1160
14190,301,1,79
14191,29,2,132
14192,23,1,293
14193,31,1,356
14194,27,15,7321
14195,74,4,1603
14197,45,1,390
14198,35,5,868
14199,58,3,906
14200,252,1,379
14201,44,3,446
14202,16,3,847
14203,32,1,339
14204,57,3,901
14205,29,7,1947
14206,23,2,856
14207,322,1,157
14208,186,1,415
14209,20,9,2919
14210,6,11,3955
14211,46,9,2161
14212,80,1,1119
14213,39,1,1192
14215,3,4,1626
14216,49,1,310
14217,1,7,1411
14219,44,2,543
14220,202,2,882
14221,84,8,3084
14224,25,5,847
14225,69,4,2037
14226,76,1,770
14227,49,5,3017
14228,72,3,745
14229,38,4,1046
14230,70,3,979
14231,85,1,309
14233,100,3,1441
14235,133,4,1573
14236,7,4,1253
14237,8,2,471
14238,297,2,287
14239,66,10,1882
14240,58,1,357
14241,331,1,120
14243,0,8,4842
14244,295,1,366
14247,39,4,635
14248,94,2,730
14249,45,12,5625
14252,16,1,350
14253,128,2,363
14254,67,1,601
14255,181,1,1000
14256,126,3,1504
14257,15,4,2854
14258,30,16,19381
14260,106,3,824
14263,58,1,322
14264,14,4,1183
14265,99,2,843
14266,63,1,40
14268,105,1,354
14269,74,1,295
14271,44,1,106
14272,197,2,482
14274,321,1,256
14275,30,6,1189
14276,42,4,982
14277,46,6,13009
14278,44,1,205
14279,155,2,191
14281,43,1,245
14282,2,11,4120
14283,98,4,628
14284,288,1,704
14285,148,4,1374
14286,39,4,3851
14290,48,3,2201
14291,15,12,4020
14292,45,7,4354
14293,3,6,2221
14294,42,1,375
14295,73,4,2196
14296,56,2,456
14298,10,38,39667
14299,0,19,10533
14301,51,3,1352
14302,65,3,742
14303,42,2,277
14304,14,2,1341
14306,13,4,1058
14307,8,5,2075
14308,184,2,1147
14309,48,2,1428
14310,67,1,492
14311,202,1,206
14312,13,5,1478
14314,65,1,109
14315,199,2,716
14316,57,5,1370
14318,95,1,158
14319,59,1,494
14320,181,3,868
14321,66,2,687
14322,64,4,474
14324,44,2,701
14325,204,1,245
14326,98,2,757
14327,17,5,1583
14328,73,1,445
14329,10,8,4912
14330,258,1,200
14332,16,2,1077
14334,60,4,1766
14338,171,1,339
14339,63,1,310
14341,55,10,2285
14342,67,2,249
14343,56,4,1088
14344,2,14,2443
14346,60,3,1294
14347,371,1,82
14350,15,2,689
14353,45,2,285
14355,0,3,840
14358,24,2,400
14361,213,1,214
14363,37,2,227
14365,29,2,634
14366,160,1,136
14369,277,2,469
14370,85,6,1175
14372,78,2,860
14374,176,1,108
14375,85,2,875
14376,318,1,215
14378,256,1,131
14379,28,2,920
14380,317,1,48
14381,86,1,428
14382,25,1,620
14384,135,1,58
14388,7,9,3488
14389,59,3,854
14390,7,5,1747
14391,211,1,135
14392,67,1,266
14394,199,1,93
14395,7,12,4700
14396,6,6,1633
14398,36,2,707
14399,29,8,2113
14400,43,2,1157
14401,59,9,2744
14402,287,1,285
14403,224,2,404
14404,4,8,1424
14405,21,1,195
14408,106,4,1503
14409,3,5,1696
14410,11,2,1546
14412,59,1,656
14413,45,3,647
14414,9,1,902
14415,14,10,6191
14417,22,1,604
14419,17,1,202
14420,31,3,1251
14421,147,4,1656
14422,9,13,6007
14423,72,2,651
14425,69,3,661
14426,38,7,7246
14427,129,2,900
14429,38,1,516
14430,146,3,1220
14431,14,3,2143
14433,100,1,289
14435,136,1,90
14436,188,1,182
14437,0,5,895
14439,78,4,6781
14440,0,9,4281
14441,9,7,2898
14442,49,5,3777
14443,3,2,966
14444,91,1,132
14445,90,1,221
14446,21,1,201
14447,35,1,548
14449,7,5,1575
14450,14,4,645
14451,24,10,2646
14452,30,2,401
14454,11,5,977
14455,67,4,628
14458,15,1,237
14459,286,1,3537
14460,31,6,659
14461,17,10,4610
14462,67,1,265
14463,134,1,256
14464,203,2,111
14465,63,8,2887
14466,7,7,2374
14467,24,8,1622
14468,368,1,204
14469,51,4,2112
14470,65,1,250
14471,226,2,400
14472,324,1,291
14474,214,1,730
14475,43,1,225
14477,71,3,660
14478,17,4,1276
14479,0,3,982
14480,37,3,1020
14481,42,3,1674
14482,14,6,2289
14483,371,1,120
14484,36,3,749
14486,146,2,175
14487,3,2,257
14489,72,3,1111
14490,41,2,1273
14491,7,1,127
14492,65,7,1921
14493,25,5,2746
14494,36,2,261
14495,294,1,51
14496,8,6,2129
14497,308,1,221
14498,36,5,1953
14499,9,4,1323
14505,39,11,6096
14506,4,3,1278
14507,13,5,1901
14508,11,3,598
14509,169,1,110
14510,10,3,1007
14512,18,5,948
14513,71,3,332
14514,71,6,3543
14515,22,6,1647
14516,151,1,163
14519,318,2,206
14521,126,1,199
14522,230,4,784
14524,44,4,1066
14525,63,8,3908
14526,24,1,262
14527,0,69,19283
14530,31,10,3271
14531,114,1,376
14532,46,7,2926
14533,42,4,1516
14534,32,8,1824
14535,30,6,3166
14537,258,1,285
14538,165,3,982
14540,14,8,2799
14541,51,6,1038
14543,15,23,11276
14544,105,1,957
14545,309,1,349
14546,11,6,2619
14548,119,7,1974
14549,55,3,627
14550,23,2,587
14551,46,5,693
14552,15,2,346
14553,46,4,982
14555,16,4,1991
14556,231,3,835
14558,289,3,655
14559,25,1,75
14560,14,22,3876
14562,25,8,1654
14563,144,2,679
14564,69,2,2605
14565,108,1,760
14566,52,3,2660
14568,70,1,919
14569,87,3,371
14570,78,1,395
14571,60,1,161
14572,52,4,2782
14573,7,5,968
14574,367,1,143
14575,123,1,460
14576,7,1,35
14577,29,3,514
14579,67,1,105
14580,153,1,14
14581,179,1,295
14583,18,3,728
14584,56,4,705
14585,17,4,986
14588,213,1,135
14589,6,1,39
14590,59,20,3006
14593,32,9,3094
14594,8,1,255
14595,88,2,423
14596,261,1,229
14597,14,4,1318
14598,204,1,162
14599,25,2,474
14600,28,1,471
14602,291,1,205
14604,268,1,143
14605,9,4,937
14606,1,102,18704
14607,102,8,7568
14608,14,7,1567
14609,25,6,884
14610,30,2,24
14611,78,2,604
14612,50,1,877
14613,315,1,76
14614,21,1,295
14615,29,5,951
14616,20,2,121
14617,37,2,190
14618,11,4,788
14619,176,1,896
14621,146,4,1212
14623,15,5,1170
14624,50,4,588
14625,9,9,3598
14626,30,7,2619
14627,14,1,462
14628,77,3,1326
14630,119,1,338
14631,21,3,1018
14634,72,4,2124
14635,88,1,215
14637,312,1,106
14639,43,3,1994
14640,44,4,1541
14643,252,3,986
14644,49,5,1416
14645,269,1,279
14646,9,78,248396
14647,158,1,276
14648,51,15,4546
14649,17,5,2358
14650,223,1,62
14651,29,7,1379
14653,148,5,1666
14654,373,1,246
14655,23,3,1946
14656,50,3,523
14657,64,2,612
14662,62,3,645
14663,65,2,490
14665,62,2,913
14667,0,31,12685
14668,80,1,111
14669,268,4,1973
14670,367,1,190
14671,184,2,1127
14672,150,2,347
14673,2,3,1674
14674,144,1,173
14675,23,1,462
14676,29,6,5808
14677,227,1,184
14678,214,1,403
14679,16,3,1289
14680,6,43,28658
14681,22,3,376
14682,63,4,1462
14683,223,1,146
14684,25,1,232
14685,211,8,4619
14686,49,5,885
14687,35,2,773
14688,8,8,2082
14690,27,2,422
14692,15,8,1153
14693,60,6,992
14694,252,1,244
14695,154,3,1620
14696,8,2,688
14699,70,3,593
14700,50,2,880
14701,77,6,2012
14702,0,13,3462
14704,59,2,266
14706,253,1,390
14707,70,2,139
14708,3,3,1085
14709,14,12,3965
14710,14,9,1316
14712,53,1,411
14713,0,11,2752
14714,42,3,746
14715,77,4,973
14716,79,1,235
14717,368,1,81
14718,45,1,226
14721,14,1,115
14722,112,2,325
14723,6,7,934
14724,225,1,345
14725,29,3,597
14726,289,1,124
14727,181,2,199
14728,48,1,190
14729,8,3,593
14732,27,11,2814
14733,2,4,6599
14734,60,4,1056
14735,23,24,6174
14736,120,2,401
14737,35,1,2389
14738,195,2,507
14739,2,19,8385
14740,44,8,2712
14741,7,2,497
14742,70,1,579
14743,227,1,50
14744,1,8,2785
14745,136,7,1351
14746,41,4,593
14748,3,7,1736
14749,114,1,310
14750,371,1,112
14751,319,2,126
14753,95,1,306
14754,60,4,912
14755,16,14,4962
14756,17,2,1914
14758,31,3,1380
14761,79,1,192
14762,261,1,117
14766,1,6,4082
14767,109,1,382
14769,25,9,5097
14770,102,6,2761
14771,256,2,594
14773,227,1,140
14774,163,1,241
14775,7,1,406
14776,22,4,1170
14777,38,1,307
14783,294,1,307
14784,24,1,159
14786,185,1,90
14787,106,1,110
14788,231,1,476
14790,9,6,1781
14791,241,1,303
14793,170,1,396
14794,37,3,633
14796,1,11,2867
14797,142,1,300
14798,16,5,550
14799,372,1,180
14800,4,6,3434
14802,73,2,1502
14805,39,3,549
14806,74,1,110
14807,25,2,519
14809,256,2,686
14810,4,3,449
14811,22,1,170
14812,233,1,185
14813,4,4,935
14814,216,1,160
14817,30,5,2849
14818,93,3,512
14819,129,2,198
14820,15,5,767
14821,1,7,1237
14822,120,1,157
14824,14,6,2895
14825,3,13,2698
14826,216,2,385
14827,300,1,0
14828,23,10,7699
14829,7,4,995
14831,315,3,1676
14832,265,1,322
14833,133,1,94
14834,42,1,485
14835,163,2,297
14837,77,5,1810
14838,58,2,773
14839,53,3,915
14840,174,1,299
14841,9,8,3867
14843,71,1,211
14844,65,6,3512
14845,234,1,150
14846,62,1,437
14847,42,2,1039
14848,39,1,310
14849,8,21,7832
14850,52,6,1468
14851,265,1,318
14852,59,12,3310
14853,58,3,901
14854,25,4,1563
14855,109,5,5874
14857,77,5,2478
14858,140,1,180
14859,189,1,351
14861,15,9,1254
14865,7,3,77
14866,1,8,6460
14867,30,13,2241
14868,15,4,1230
14869,23,4,2078
14870,48,5,1511
14871,128,5,736
14872,118,3,816
14873,268,1,334
14874,170,1,116
14875,76,1,1397
14876,156,2,256
14877,53,2,437
14878,11,16,2619
14879,319,1,185
14882,25,12,3038
14884,304,1,120
14885,62,2,832
14890,253,2,691
14891,51,2,552
14892,325,1,202
14893,252,1,571
14894,78,2,837
14895,18,18,13980
14896,0,7,1623
14897,44,4,1774
14898,6,9,2204
14899,30,1,1384
14900,157,1,13
14901,1,5,868
14902,30,2,702
14904,43,2,615
14905,9,6,1355
14906,80,1,68
14907,2,10,2664
14908,98,1,104
14909,72,3,1404
14911,0,205,152147
14912,36,4,1021
14913,23,4,2845
14915,10,9,1503
14916,66,4,1773
14917,231,2,1123
14918,39,7,4345
14919,174,1,359
14920,200,1,629
14922,28,2,843
14924,245,2,620
14926,16,2,359
14927,31,1,308
14928,262,1,223
14929,56,1,612
14930,105,3,2873
14932,0,2,666
14933,78,4,1770
14934,13,3,1612
14935,254,1,1065
14936,25,4,4273
14938,197,2,2322
14940,52,2,531
14941,213,1,182
14942,36,4,746
14943,298,1,107
14944,24,7,3884
14945,48,1,179
14947,23,4,758
14949,104,4,515
14952,31,21,9529
14953,53,3,723
14954,338,1,167
14955,367,1,163
14956,56,1,1325
14957,279,1,274
14958,230,3,458
14961,14,13,9365
14962,174,3,240
14963,14,7,1676
14966,22,5,924
14967,76,5,1518
14968,93,1,357
14969,338,1,906
14970,44,8,3327
14972,16,1,30
14975,56,1,192
14977,360,1,31
14978,65,5,1210
14979,370,1,439
14980,372,1,150
14981,58,1,270
14982,207,1,237
14983,324,1,183
14984,23,4,1058
14986,11,2,566
14987,0,7,1387
14988,15,6,1732
14989,296,1,342
14990,247,2,305
14991,65,1,314
14992,77,1,210
14993,198,1,36
14994,17,5,960
14996,116,2,442
14997,290,1,230
14998,63,2,340
14999,227,1,129
15001,29,2,230
15002,2,6,3175
15003,108,6,1060
15005,1,29,7789
15006,88,1,323
15008,115,2,360
15011,30,2,416
15012,8,2,437
15013,122,10,1641
15015,136,13,2365
15016,28,4,460
15018,2,1,111
15020,14,1,203
15021,1,4,869
15022,312,1,281
15023,4,10,5367
15024,2,8,2414
15025,203,1,636
15026,10,2,592
15027,30,6,2129
15028,3,3,530
15029,254,1,365
15030,15,6,1461
15031,29,10,2488
15032,1,7,8821
15034,21,6,4004
15037,11,2,402
15038,4,4,604
15039,3,47,20116
15040,176,1,7
15041,79,1,113
15042,230,1,179
15043,98,5,2336
15044,14,18,8504
15046,60,10,2598
15048,3,1,98
15050,56,2,2411
15051,14,6,2543
15055,109,3,560
15056,155,1,133
15057,78,3,1766
15058,11,5,1285
15059,11,10,2185
15061,2,86,83284
15062,58,4,1597
15064,45,4,1254
15065,45,1,168
15067,48,2,2133
15068,53,2,623
15070,7,3,737
15071,21,2,473
15072,114,1,187
15073,35,5,1744
15074,64,2,817
15076,127,2,566
15077,129,2,2428
15078,3,23,8018
15079,0,8,2871
15080,62,2,546
15081,2,8,1460
15082,303,1,93
15084,14,2,965
15085,364,1,347
15086,199,2,218
15091,309,2,565
15092,97,1,318
15093,7,18,9729
15094,98,2,83
15095,55,6,1771
15097,218,2,660
15100,1,6,2018
15101,150,4,1160
15102,165,2,554
15105,65,2,795
15107,7,4,620
15109,214,2,498
15110,38,2,509
15111,7,3,1163
15112,246,1,209
15114,18,2,639
15115,367,1,191
15117,83,3,934
15122,57,8,2863
15123,56,3,2456
15124,111,2,266
15125,114,9,5496
15126,171,2,449
15127,154,1,304
15128,65,1,312
15129,20,12,3412
15131,29,1,80
15133,17,2,824
15134,16,2,208
15135,191,1,166
15137,155,2,823
15138,28,1,502
15140,77,1,889
15141,92,7,1388
15142,45,5,2121
15143,67,1,304
15144,14,12,5579
15149,211,4,1033
15150,91,3,3686
15151,58,2,2085
15152,336,1,518
15154,113,2,1091
15155,18,1,383
15157,204,2,718
15158,36,1,204
15159,30,4,3475
15160,9,3,431
15161,23,1,119
15162,366,1,312
15164,24,6,1225
15165,8,1,487
15166,102,1,167
15167,42,4,1496
15169,17,2,569
15170,41,1,81
15173,15,7,1494
15174,45,1,345
15176,302,1,988
15177,60,1,948
15179,27,8,5284
15180,2,3,816
15181,55,2,510
15182,20,9,2376
15183,182,3,639
15184,22,2,283
15186,109,3,991
15188,360,1,310
15189,16,5,1298
15190,69,1,834
15191,98,3,588
15192,0,3,937
15194,3,14,4811
15196,67,2,316
15197,29,3,797
15198,43,3,377
15199,9,6,1853
15200,129,1,549
15201,74,2,606
15202,55,3,6001
15203,25,9,2572
15207,51,3,683
15208,58,1,100
15209,365,1,178
15210,13,2,845
15211,0,1,383
15212,11,1,106
15215,28,4,1687
15216,253,1,389
15217,198,1,426
15218,24,11,5759
15219,283,1,379
15221,1,4,2062
15222,107,10,2965
15223,244,3,662
15224,147,3,549
15227,31,4,1269
15228,63,2,2193
15229,221,1,160
15231,256,1,250
15233,36,1,59
15235,4,6,690
15240,9,7,2753
15241,65,3,1293
15242,57,1,302
15243,70,1,610
15244,301,1,280
15245,37,5,2095
15246,190,1,266
15247,112,2,620
15248,46,3,1893
15249,65,5,2577
15250,275,1,60
15251,49,10,9839
15252,56,3,1362
15253,38,3,1136
15254,181,2,787
15255,31,8,2838
15256,196,1,71
15257,49,1,368
15259,147,4,1182
15260,7,20,7377
15261,16,3,1253
15262,15,2,239
15264,165,1,454
15265,239,2,1839
15266,14,4,732
15268,113,3,961
15269,15,2,816
15270,35,14,6145
15271,0,10,2202
15272,85,4,1363
15273,234,1,228
15276,29,3,514
15277,60,1,220
15278,196,4,496
15279,15,4,1290
15280,123,2,293
15281,13,7,6211
15282,205,1,348
15283,25,3,148
15284,135,1,24
15285,42,1,94
15287,14,3,369
15288,0,6,1576
15289,93,2,653
15290,28,8,2553
15291,8,26,9178
15293,300,1,247
15294,45,1,233
15295,289,1,217
15296,55,6,6669
15298,1,12,4659
15299,7,6,3484
15301,3,6,2533
15302,365,1,308
15303,200,2,650
15304,3,2,225
15305,190,1,93
15306,135,6,2310
15309,245,4,797
15310,113,1,1634
15311,0,121,56003
15312,18,8,2005
15314,48,2,492
15317,312,1,129
15321,72,9,3961
15322,111,1,711
15323,197,3,434
15324,336,1,140
15325,30,7,1439
15326,244,4,1388
15328,42,1,107
15329,9,8,1934
15331,134,3,767
15332,1,6,4892
15336,36,1,240
15337,46,1,373
15338,312,1,283
15339,56,5,1253
15340,196,1,105
15341,84,1,382
15346,60,2,343
15347,1,4,1162
15350,8,2,547
15351,4,4,1778
15352,183,1,114
15353,2,6,2398
15354,238,3,284
15356,3,4,698
15358,0,22,8703
15359,297,8,181
15361,161,3,270
15362,83,2,613
15363,7,2,678
15365,38,6,2242
15366,44,5,1786
15367,53,7,3203
15368,29,1,275
15369,127,11,6251
15370,45,1,1352
15371,297,1,59
15372,85,7,4009
15373,6,6,1005
15374,259,1,139
15375,325,1,60
15377,17,4,1211
15378,97,2,246
15379,35,1,1174
15380,0,7,1788
15381,58,3,1293
15382,9,6,7777
15384,16,2,1385
15385,27,2,625
15387,127,1,468
15389,35,4,2233
15390,31,2,1216
15391,219,1,289
15392,9,3,1376
15393,202,3,659
15394,30,7,3103
15396,218,1,508
15400,55,3,586
15401,87,2,216
15402,22,4,1203
15403,126,2,170
15404,10,1,257
15405,211,1,310
15406,88,2,465
15409,356,1,131
15410,203,2,1234
15413,326,5,6798
15416,113,3,588
15418,60,2,452
15420,69,6,743
15421,20,6,2854
15422,14,5,1522
15423,216,2,223
15424,98,1,214
15425,35,4,1944
15426,4,5,1168
15428,22,3,668
15430,102,2,954
15431,137,1,153
15432,176,1,149
15434,9,6,1525
15437,275,1,193
15439,39,4,1269
15441,31,3,1254
15443,109,7,1939
15445,225,1,171
15446,11,3,406
15447,162,4,337
15448,309,1,294
15451,69,2,233
15452,25,3,1260
15454,253,1,128
15455,232,1,38
15456,38,7,1672
15458,37,1,208
15459,52,2,202
15461,95,2,429
15462,80,1,502
15465,4,15,5301
15466,24,3,1236
15468,27,1,962
15469,73,1,335
15470,210,1,63
15471,15,2,847
15473,79,1,274
15474,230,1,163
15476,15,4,2209
15477,284,1,368
15478,210,1,583
15479,368,1,147
15480,100,4,5373
15481,36,1,1993
15482,21,7,3537
15483,20,6,628
15484,175,2,1061
15485,8,5,3196
15486,162,1,102
15487,314,1,231
15488,91,4,340
15489,35,5,1285
15490,65,1,217
15493,24,4,2313
15494,113,3,2480
15495,14,1,246
15496,266,1,146
15497,17,7,7395
15498,1,19,12723
15499,358,1,161
15501,39,2,402
15502,3,5,3608
15503,361,1,120
15504,155,3,371
15506,16,3,1060
15509,15,1,166
15512,25,2,210
15513,0,18,12992
15514,14,7,2459
15515,22,1,171
15518,14,7,2276
15519,18,2,344
15521,35,8,4106
15523,23,15,16947
15524,241,1,151
15525,8,2,469
15527,29,15,3145
15529,1,2,1116
15530,147,1,311
15532,11,6,2190
15534,360,1,162
15535,39,2,551
15536,44,1,259
15538,172,6,3358
15540,10,1,247
15542,147,3,918
15543,94,1,114
15544,7,12,4615
15545,6,1,135
15546,241,2,1079
15547,11,12,5199
15548,230,1,158
15549,56,5,652
15550,13,8,1643
15551,29,6,1274
15552,258,1,162
15555,0,22,7307
15558,274,1,214
15559,203,1,1109
15560,32,2,153
15561,18,4,1133
15562,59,2,538
15563,149,3,1466
15564,98,2,70
15566,27,2,227
15569,25,5,2210
15570,4,14,5145
15571,21,10,3401
15572,15,3,1515
15573,253,3,599
15574,7,3,816
15575,254,1,30
15577,358,2,139
15579,18,3,953
15580,11,8,1381
15581,1,26,4114
15583,11,1,107
15584,34,2,552
15586,227,3,1139
15587,27,3,608
15588,312,1,579
15590,17,5,1496
15591,217,3,217
15595,122,1,357
15596,0,5,1723
15597,210,1,238
15598,62,1,307
15599,80,1,488
15600,63,4,1199
15601,7,17,8183
15602,3,8,1932
15603,283,1,40
15605,8,5,738
15606,25,8,2310
15607,178,8,1604
15608,50,1,692
15611,18,13,1405
15613,245,1,433
15614,72,4,3147
15615,25,24,10974
15616,73,1,317
15617,31,3,828
15620,44,1,389
15622,62,8,4143
15623,28,7,2136
15625,11,5,1702
15626,56,1,391
15627,92,2,566
15628,1,9,2782
15629,85,4,2240
15630,279,1,295
15631,277,1,596
15633,144,13,4352
15634,18,1,311
15635,30,1,100
15636,72,2,719
15637,48,4,574
15638,13,6,2265
15639,86,2,639
15640,7,15,11441
15641,31,8,3458
15642,364,1,105
15645,49,2,443
15646,7,3,526
15647,50,1,169
15649,2,3,1354
15650,156,2,553
15651,55,2,612
15652,22,4,1082
15658,7,4,1399
15659,21,2,226
15660,0,7,1212
15661,14,6,906
15662,296,2,283
15664,84,3,867
15665,46,3,1773
15666,107,2,632
15670,191,1,152
15672,360,1,45
15673,86,5,3533
15674,52,8,4501
15675,39,1,218
15677,56,2,648
15678,30,2,1541
15680,1,8,3173
15681,14,9,1563
15682,234,2,318
15683,108,1,330
15684,182,3,173
15685,85,1,55
15686,55,1,90
15688,53,1,190
15689,252,1,266
15691,29,3,434
15693,294,1,37
15694,0,12,4331
15695,232,2,721
15696,58,5,1170
15697,324,1,246
15698,259,1,46
15702,111,2,140
15704,137,2,1524
15708,4,3,1014
15709,224,1,194
15710,52,1,898
15711,191,2,420
15712,14,7,2400
15713,1,3,654
15714,88,3,453
15715,190,5,658
15716,4,8,1938
15717,56,4,456
15718,175,1,293
15719,16,18,5177
15720,185,1,143
15722,80,6,3035
15723,46,3,744
15724,35,1,92
15726,25,1,321
15727,22,8,4266
15728,14,2,544
15729,35,2,107
15730,16,2,605
15731,188,1,125
15732,7,9,1387
15734,71,2,923
15735,56,1,327
15736,70,2,1815
15738,7,26,8560
15741,93,2,208
15742,254,1,156
15747,10,6,1588
15748,84,2,465
15750,1,12,4331
15751,95,11,1380
15752,7,3,1570
15754,128,6,2579
15755,14,11,3628
15757,21,4,2225
15759,146,4,577
15760,265,2,13916
15761,77,1,143
15764,69,2,1223
15765,301,1,370
15766,91,2,516
15768,111,31,14979
15769,6,21,32451
15770,247,1,321
15771,239,3,1006
15772,53,1,280
15773,44,1,138
15774,53,5,1059
15775,266,1,45
15777,31,3,715
15778,66,1,307
15779,98,2,124
15782,65,1,1399
15784,102,2,848
15785,14,11,3640
15786,52,2,3582
15788,143,1,221
15789,66,5,1610
15791,164,3,1995
15792,34,2,933
15793,13,5,1433
15794,371,2,777
15795,65,7,1369
15796,9,9,2464
15797,216,2,613
15798,127,3,1535
15799,53,1,540
15800,88,5,543
15803,80,3,1513
15805,20,13,4660
15807,43,2,913
15808,4,18,14674
15809,94,2,758
15810,21,4,1607
15811,0,2,1671
15812,70,7,3400
15814,28,2,689
15816,177,2,144
15817,55,3,2766
15818,223,1,340
15819,66,6,2029
15822,128,4,954
15823,7,3,3882
15824,88,2,890
15826,203,1,943
15827,7,16,1957
15828,10,1,1108
15833,372,1,80
15834,11,3,1539
15837,120,1,385
15838,2,16,40519
15841,21,5,1518
15842,28,2,548
15845,171,3,714
15846,20,1,107
15847,63,3,433
15848,256,1,139
15850,11,4,819
15851,161,1,109
15852,161,1,96
15854,11,9,2609
15855,111,1,340
15856,0,26,17832
15857,65,1,273
15858,2,9,2521
15859,67,1,438
15860,3,10,1528
15861,91,4,1236
15862,8,10,2095
15863,252,3,289
15864,16,1,244
15865,48,2,1353
15867,4,17,5251
15868,218,1,94
15869,261,1,174
15870,31,3,508
15871,72,1,33
15872,13,2,434
15873,134,4,313
15874,22,14,6878
15875,281,1,111
15876,44,2,1449
15878,196,2,330
15879,39,4,1157
15880,4,1,343
15882,3,6,979
15884,67,2,249
15885,18,12,1572
15886,51,3,871
15887,41,3,1027
15888,35,2,260
15889,4,7,1359
15890,29,5,535
15892,304,1,128
15893,116,1,305
15894,4,1,156
15898,2,22,4207
15899,3,1,56
15900,48,3,549
15901,86,4,339
15902,15,1,145
15903,13,5,3813
15905,178,1,114
15906,9,3,987
15908,125,2,764
15910,35,7,1449
15911,258,8,1702
15912,71,7,810
15913,169,1,6
15914,13,2,205
15915,36,1,429
15916,1,7,1899
15917,241,4,437
15918,266,1,248
15919,3,1,270
15920,59,5,404
15921,31,3,466
15922,8,1,369
15923,7,1,127
15924,366,1,102
15926,177,1,134
15927,282,1,123
15928,291,1,293
15929,279,1,594
15931,63,1,239
15934,52,2,2190
15936,14,2,282
15938,91,4,330
15939,9,1,2945
15941,272,1,405
15943,284,2,271
15944,28,3,1839
15945,0,4,646
15946,137,3,2304
15948,59,1,553
15950,10,6,5415
15951,16,1,304
15953,4,11,2010
15954,224,1,190
15955,7,9,4242
15956,186,2,617
15957,55,2,501
15958,38,3,388
15959,317,3,579
15960,9,4,410
15961,14,1,451
15962,84,1,295
15964,298,1,272
15965,2,10,2167
15966,85,1,426
15967,14,10,2622
15968,23,1,418
15969,60,2,460
15970,233,1,703
15971,20,6,1702
15972,91,5,1810
15973,1,3,680
15976,45,4,1315
15978,67,2,2180
15979,237,1,329
15980,125,4,4194
15981,36,13,5954
15982,240,1,324
15983,0,6,2483
15984,3,21,5921
15985,71,5,1572
15986,16,1,186
15987,3,2,230
15988,186,2,612
15989,10,2,372
15990,129,5,1217
15991,169,1,150
15992,31,2,854
15994,46,2,775
15995,49,1,696
15996,1,2,626
15998,28,11,5218
15999,370,1,20
16001,16,1,583
16002,260,1,169
16003,16,5,2878
16004,109,5,2146
16005,10,6,1820
16006,22,1,245
16007,18,3,1373
16008,17,12,4905
16010,11,8,1316
16011,1,14,2517
16012,36,2,1574
16013,6,39,20315
16014,43,2,467
16016,1,4,1025
16017,52,4,1341
16018,31,2,289
16019,16,18,13679
16021,30,2,532
16024,46,2,232
16027,92,9,1113
16028,230,1,82
16029,7,47,41184
16032,91,6,1970
16033,4,8,2019
16034,29,3,491
16035,195,1,217
16036,59,2,1797
16037,179,2,654
16039,58,2,456
16040,65,4,1103
16042,14,3,1067
16043,14,4,1082
16044,70,1,340
16045,51,4,2094
16046,197,1,235
16047,317,1,107
16048,8,4,818
16049,10,3,787
16050,18,2,162
16051,316,1,188
16053,48,4,2122
16054,53,3,1327
16057,154,3,1591
16058,41,1,62
16059,2,7,1757
16060,35,3,541
16061,66,1,89
16062,14,4,1709
16064,360,1,111
16065,0,8,2010
16067,197,3,3395
16068,228,1,122
16069,52,1,457
16071,162,3,750
16072,63,3,3744
16074,25,1,265
16075,137,2,736
16077,260,1,2300
16078,304,1,283
16080,20,2,385
16081,1,4,1653
16082,305,1,106
16083,17,2,1033
16085,15,7,1362
16086,2,6,1743
16087,24,5,1739
16088,210,2,1437
16089,21,2,271
16090,259,1,205
16092,139,3,770
16094,10,7,2617
16095,91,1,447
16096,51,3,1264
16098,8,8,2442
16099,52,4,841
16100,97,1,582
16101,69,3,1938
16103,24,16,4762
16104,53,8,2476
16105,73,4,2049
16108,69,3,1393
16109,333,1,327
16110,157,1,481
16111,63,1,562
16115,32,4,907
16117,37,2,422
16118,287,1,4376
16119,29,6,1297
16120,57,2,1747
16121,25,3,609
16122,1,3,316
16124,53,3,1523
16125,2,14,4298
16126,14,11,8359
16127,361,1,145
16128,15,6,1920
16129,42,3,1396
16130,57,4,987
16131,10,6,6450
16132,179,2,664
16133,11,23,8403
16134,58,3,1527
16135,218,1,301
16136,298,1,237
16137,315,1,422
16138,13,3,910
16139,357,2,475
16140,6,2,832
16141,52,1,335
16143,4,7,2485
16145,23,8,3005
16146,83,1,212
16147,35,4,2023
16148,71,1,310
16149,64,1,141
16150,7,6,2342
16153,55,6,3309
16155,16,5,796
16156,17,11,3096
16158,157,9,628
16159,105,3,884
16161,3,25,7256
16163,0,5,1992
16165,140,1,79
16166,63,2,435
16167,49,5,1386
16168,4,40,6848
16170,30,14,4983
16172,108,3,744
16174,126,4,1237
16175,106,3,798
16176,56,4,2052
16177,71,7,1915
16178,36,1,414
16180,113,5,5995
16182,73,5,3354
16183,29,3,739
16185,199,1,115
16186,7,15,5019
16188,43,1,105
16190,29,7,2508
16191,10,11,10507
16192,370,1,351
16193,45,1,315
16194,10,1,308
16195,358,1,323
16196,123,1,93
16197,104,9,2016
16198,72,1,629
16199,27,7,942
16200,17,10,4562
16201,50,1,248
16202,52,8,2136
16203,7,3,521
16204,15,2,538
16205,31,3,1069
16206,22,9,2065
16208,29,8,2776
16209,17,4,1884
16210,3,19,17403
16211,56,2,543
16212,253,2,603
16214,70,1,975
16218,8,7,1355
16219,135,1,40
16221,2,7,1370
16222,356,1,498
16223,9,2,1102
16224,22,1,321
16225,37,10,1771
16226,13,2,417
16227,129,2,713
16228,20,3,890
16229,16,4,1857
16231,14,4,1078
16232,55,3,1722
16233,1,7,1429
16234,111,3,333
16235,10,4,1186
16237,72,1,136
16238,57,1,63
16239,17,4,1078
16241,4,4,1721
16242,16,7,3871
16244,7,1,1056
16246,94,2,827
16250,8,2,401
16251,147,1,128
16252,17,1,295
16253,55,5,3626
16254,13,3,985
16255,0,8,2286
16256,128,2,876
16258,22,10,6739
16259,45,3,361
16261,21,2,312
16262,13,1,755
16263,58,1,351
16264,73,2,837
16265,21,3,1488
16266,58,7,896
16267,226,1,186
16269,72,1,717
16271,92,5,2033
16273,283,2,336
16274,8,1,357
16275,109,2,1591
16276,114,2,1818
16277,368,1,188
16278,115,2,551
16279,20,6,4195
16280,360,1,238
16281,58,2,1361
16282,122,2,1139
16283,53,3,2833
16284,28,1,205
16285,281,1,176
16286,112,2,328
16287,11,4,864
16288,105,1,129
16289,97,1,136
16290,99,4,2069
16291,317,1,117
16292,15,4,951
16293,2,6,2408
16294,111,1,126
16296,261,4,1313
16298,32,4,487
16299,112,1,193
16300,65,3,1392
16301,371,1,107
16303,27,4,2567
16304,329,1,381
16306,2,2,560
16307,64,3,1194
16308,41,3,2560
16310,49,2,460
16312,67,1,171
16314,24,3,1491
16315,171,1,176
16316,15,5,2806
16317,185,2,850
16320,88,4,4590
16321,261,2,230
16323,212,1,146
16325,59,9,3003
16326,18,10,1716
16327,4,11,6887
16328,198,1,310
16329,62,4,1703
16330,59,4,382
16331,67,6,2037
16332,66,4,417
16334,127,1,277
16335,186,7,2774
16336,55,4,3517
16340,74,2,976
16341,72,3,1878
16343,42,1,316
16344,144,3,741
16345,118,1,623
16346,20,1,224
16347,23,9,2621
16348,65,1,328
16350,9,5,1137
16351,46,12,3176
16353,4,16,3323
16354,14,3,733
16355,10,1,416
16356,11,3,204
16357,16,1,209
16358,29,1,892
16359,11,7,946
16362,72,1,212
16365,2,7,1766
16366,217,3,1220
16367,18,1,557
16368,70,1,142
16369,71,4,1111
16371,83,1,157
16372,44,3,960
16373,17,2,309
16374,37,3,1298
16375,105,2,104
16377,252,1,632
16381,30,2,258
16382,43,2,353
16383,31,5,2306
16384,64,2,774
16385,1,3,474
16386,22,1,785
16387,30,4,824
16388,288,1,186
16390,171,3,467
16391,35,4,1103
16392,48,2,541
16393,4,11,2515
16395,28,9,2050
16396,111,1,137
16397,263,1,127
16399,24,1,233
16400,30,8,2855
16401,14,11,2750
16402,4,1,211
16406,85,2,389
16407,24,4,694
16408,226,1,231
16409,15,7,3680
16410,369,1,130
16411,4,3,695
16412,28,4,495
16413,10,1,266
16414,66,3,433
16415,218,2,509
16416,25,6,1921
16417,127,1,35
16418,43,2,426
16419,212,2,515
16420,31,1,75
16421,11,3,526
16422,4,59,28967
16424,17,1,309
16428,48,3,660
16430,16,6,817
16433,43,1,200
16434,81,5,1219
16435,147,3,1011
16436,303,3,329
16437,16,2,301
16439,357,1,310
16440,128,1,216
16441,52,3,653
16442,239,2,282
16443,155,1,162
16444,25,13,3001
16445,21,3,372
16447,225,2,516
16448,106,1,178
16450,219,2,1193
16451,196,2,746
16452,265,2,332
16453,165,2,251
16454,241,2,24
16455,6,6,2543
16456,8,9,4704
16458,10,12,2232
16459,364,1,71
16461,225,2,1463
16465,55,2,746
16466,18,8,2235
16467,143,7,2869
16468,105,2,712
16469,149,1,178
16470,31,7,1696
16471,28,3,966
16472,69,2,789
16473,9,1,154
16476,66,1,350
16477,6,5,1825
16481,317,1,453
16485,67,4,1931
16486,172,1,134
16487,212,2,209
16489,15,2,303
16490,71,1,205
16491,48,1,801
16492,175,1,385
16493,79,3,780
16496,66,3,731
16497,48,17,3729
16499,9,6,2212
16500,9,3,443
16501,18,1,1237
16502,255,2,266
16503,30,7,2182
16507,207,1,152
16508,265,1,248
16510,7,6,1851
16511,32,3,868
16515,14,5,1589
16518,56,2,475
16519,0,3,341
16520,0,4,1436
16521,50,3,1148
16522,70,2,433
16523,50,7,2497
16524,81,2,308
16525,1,23,11555
16526,219,1,426
16527,59,1,1044
16529,112,3,1556
16530,303,1,48
16531,16,4,1053
16532,66,2,2007
16534,277,1,635
16535,20,2,407
16537,276,1,23
16538,176,3,399
16539,8,7,2343
16540,49,1,226
16541,370,1,424
16542,36,1,137
16543,226,1,292
16544,154,4,376
16545,10,1,350
16546,7,4,4819
16547,181,1,111
16548,234,1,30
16549,32,24,9027
16550,3,14,7136
16551,58,4,1315
16552,8,1,95
16553,31,21,10924
16554,21,5,2004
16555,140,4,1629
16556,10,10,4698
16558,1,19,5535
16559,32,1,185
16560,32,6,2206
16562,111,1,223
16563,35,5,3345
16564,204,1,87
16565,41,3,599
16568,62,2,1020
16569,266,4,1331
16570,14,10,3695
16571,30,7,2827
16574,58,2,850
16576,55,2,540
16577,301,1,380
16578,261,1,156
16579,60,1,295
16583,8,2,297
16584,67,3,2227
16585,228,2,341
16586,79,2,998
16588,21,4,1361
16589,85,1,153
16590,35,2,605
16592,10,12,3694
16593,25,5,741
16595,11,4,1450
16596,1,3,329
16599,20,1,172
16600,9,7,1339
16601,25,2,439
16602,23,1,235
16604,197,2,432
16605,359,1,60
16606,39,2,357
16607,34,11,2359
16608,88,2,1288
16611,38,5,1655
16612,14,5,2057
16614,37,2,673
16615,261,1,291
16619,18,3,1712
16620,24,4,1579
16622,178,1,225
16623,36,3,885
16625,57,4,1320
16628,42,2,130
16630,42,1,106
16631,116,7,1892
16632,120,2,406
16634,7,5,1596
16635,41,1,473
16636,73,4,3802
16638,3,6,749
16639,44,1,490
16640,32,1,179
16641,336,1,323
16642,50,1,389
16643,57,1,435
16645,370,1,160
16646,84,1,678
16647,77,2,327
16648,90,2,382
16649,155,1,306
16650,55,6,1397
16651,221,1,136
16652,39,9,10776
16654,3,5,1110
16655,46,7,2753
16656,55,15,8207
16658,3,6,690
16660,57,3,611
16661,175,4,986
16662,29,1,163
16663,364,1,165
16664,204,1,109
16666,256,1,106
16668,22,7,555
16670,28,9,3934
16673,314,1,188
16675,76,2,608
16676,37,2,769
16677,46,2,880
16679,1,3,663
16680,163,2,637
16681,276,1,151
16683,168,1,320
16684,14,27,80489
16686,24,9,2008
16687,25,1,157
16690,28,2,127
16691,53,2,178
16692,43,2,638
16693,46,3,717
16694,358,1,98
16695,196,2,193
16699,15,7,994
16700,1,13,4091
16701,58,13,4518
16702,50,4,1110
16704,253,2,695
16705,35,22,29480
16707,35,4,551
16709,14,9,6057
16710,3,13,3866
16711,14,4,1217
16712,36,2,621
16713,1,18,7637
16714,305,1,368
16715,197,1,323
16716,265,1,1248
16717,1,9,3127
16718,4,5,3023
16719,3,8,2182
16720,11,2,640
16722,1,11,4258
16723,78,2,712
16724,39,1,147
16725,6,8,1101
16726,18,2,706
16727,27,3,1164
16731,283,1,174
16732,38,3,3783
16733,164,1,259
16735,28,9,3970
16736,140,5,2956
16737,212,1,417
16739,171,1,463
16740,30,1,236
16741,260,1,173
16742,127,13,2387
16743,91,7,2015
16746,18,24,11368
16748,23,9,2121
16749,226,2,4387
16752,7,1,207
16754,7,29,65500
16755,102,4,1403
16756,39,6,1072
16757,44,1,163
16760,65,1,228
16763,373,1,352
16765,17,1,420
16767,53,4,2493
16768,18,6,1230
16769,113,3,761
16770,7,5,1162
16771,92,5,1720
16772,58,3,3723
16773,71,2,249
16774,58,4,932
16775,2,6,1361
16776,50,1,231
16777,48,3,1081
16779,1,32,22638
16780,42,1,180
16781,7,2,623
16782,0,26,8158
16783,71,1,391
16784,11,4,788
16785,44,1,533
16786,28,1,51
16787,32,4,1035
16788,39,3,1352
16791,18,8,2316
16792,18,3,513
16794,15,5,868
16795,0,3,2077
16797,28,5,1827
16798,189,3,848
16799,67,2,495
16802,314,2,582
16805,212,3,636
16807,105,3,1002
16809,67,4,812
16810,55,1,532
16812,13,3,1912
16814,4,16,5990
16815,88,2,410
16817,3,5,1200
16819,100,2,182
16821,16,1,113
16822,321,1,181
16823,22,6,1901
16824,28,1,225
16825,13,3,1051
16827,28,5,392
16829,23,1,316
16830,77,3,881
16831,199,1,91
16832,63,2,218
16833,74,2,1302
16834,309,1,485
16835,8,5,1357
16836,41,2,530
16838,165,2,570
16839,4,11,5716
16840,238,2,139
16841,63,6,2136
16843,57,19,9374
16844,197,2,614
16845,253,1,253
16846,212,2,628
16847,253,1,421
16848,11,3,1130
16854,52,2,1408
16856,52,2,323
16857,77,1,352
16858,3,10,4292
16859,51,5,1184
16860,87,3,1610
16861,25,3,772
16862,182,4,662
16863,1,2,495
16864,69,2,409
16865,36,1,130
16867,324,1,76
16868,29,3,393
16870,104,1,450
16872,62,3,533
16873,64,6,7493
16874,14,1,217
16875,72,6,2139
16876,38,1,136
16880,128,1,321
16883,6,18,2119
16884,191,2,644
16885,20,1,239
16886,91,1,134
16887,35,2,465
16888,35,3,437
16889,32,3,952
16890,111,3,285
16891,6,7,1247
16892,189,2,236
16893,1,2,255
16894,137,3,1324
16895,73,4,902
16896,190,1,103
16898,3,3,507
16899,13,2,439
16901,364,1,204
16903,15,2,689
16904,2,7,1378
16905,6,11,1931
16906,63,3,869
16907,0,5,726
16908,357,1,252
16911,270,2,255
16912,56,4,1904
16913,286,2,310
16915,21,5,921
16916,7,3,547
16917,267,1,1466
16918,57,10,2144
16919,3,14,2529
16920,46,1,355
16921,77,2,276
16922,207,1,611
16923,10,13,6130
16925,175,1,125
16926,6,5,1191
16928,8,13,1265
16931,4,3,629
16932,58,2,278
16933,24,7,2618
16934,18,4,1160
16935,16,3,535
16936,20,1,288
16937,134,1,202
16938,16,5,4306
16939,123,3,449
16940,85,5,3377
16941,246,1,33
16943,174,2,482
16944,244,1,101
16945,28,14,4202
16946,18,5,1222
16947,97,4,548
16948,64,4,433
16950,2,8,2605
16952,76,3,631
16954,14,11,3996
16955,3,4,790
16958,70,1,809
16960,25,5,1536
16961,23,2,560
16962,44,1,251
16964,368,2,207
16970,261,1,71
16972,17,2,786
16973,21,1,127
16974,157,2,365
16975,58,3,926
16977,30,4,496
16978,301,2,424
16979,18,3,1007
16980,63,1,394
16983,4,5,1778
16984,39,7,6273
16985,11,13,5459
16986,80,9,3015
16987,11,4,910
16988,14,1,256
16990,57,1,165
16991,56,1,1041
16992,22,8,3862
16993,98,2,1950
16996,17,3,666
16998,79,1,107
17000,31,2,406
17001,11,8,2651
17002,78,4,1077
17003,37,4,830
17004,27,2,1012
17005,105,2,742
17006,27,4,854
17007,72,1,230
17008,64,1,81
17009,186,1,242
17011,282,2,400
17012,360,1,384
17016,211,1,552
17017,0,13,5416
17018,22,4,1367
17019,3,8,2739
17020,177,2,935
17021,77,6,1182
17022,67,1,189
17023,52,3,800
17025,8,4,1152
17026,4,2,54
17027,81,3,436
17028,216,3,1593
17029,17,5,1421
17031,13,4,2393
17032,182,8,3004
17033,32,1,302
17034,44,2,538
17035,226,2,180
17036,18,1,176
17038,50,1,630
17039,239,1,1954
17040,185,1,13
17041,32,3,604
17043,10,4,881
17044,9,11,11013
17045,11,2,488
17046,79,4,1264
17047,66,3,1188
17048,72,4,1146
17049,10,10,4287
17050,10,5,1462
17051,81,3,467
17055,80,1,239
17056,373,1,128
17057,231,1,294
17059,4,5,2507
17062,0,4,669
17063,42,6,2177
17065,272,2,194
17066,361,1,228
17067,359,3,454
17068,3,27,4608
17069,8,6,3084
17070,45,1,133
17071,16,4,1372
17072,260,1,282
17074,197,1,203
17075,64,6,1407
17076,27,3,401
17077,213,1,306
17080,14,5,669
17081,30,4,674
17082,29,4,2728
17083,44,6,2644
17084,31,1,2253
17085,11,23,6324
17087,372,1,221
17089,21,1,128
17090,9,6,1105
17091,2,11,3983
17092,72,7,3817
17093,227,1,235
17094,58,1,100
17095,65,4,1248
17096,18,7,2737
17097,0,2,386
17098,16,3,591
17099,168,1,582
17101,29,3,885
17103,357,1,424
17104,58,1,474
17106,24,1,491
17107,32,4,5259
17108,298,1,174
17109,41,2,410
17110,155,2,347
17111,60,1,227
17112,137,1,205
17113,209,6,2322
17115,183,4,1923
17116,283,1,389
17121,37,1,314
17122,23,3,432
17123,74,2,631
17126,16,4,1065
17127,63,5,1155
17129,155,1,31
17132,87,2,1272
17133,109,5,9730
17134,77,1,212
17135,6,4,814
17136,297,1,231
17137,51,6,1133
17138,24,6,4036
17139,24,13,8915
17141,53,4,754
17142,39,3,704
17143,52,2,924
17145,147,4,3120
17146,70,10,5110
17147,87,5,1485
17149,86,1,143
17150,11,6,1375
17151,370,1,231
17152,60,1,327
17155,162,5,640
17156,126,1,591
17157,115,17,4832
17158,182,2,713
17159,112,2,560
17160,9,11,6691
17161,79,1,856
17163,80,2,406
17165,16,5,1635
17167,14,3,867
17168,133,1,400
17169,213,1,320
17170,9,2,178
17171,296,1,159
17172,65,2,638
17176,161,2,596
17177,140,1,119
17178,366,1,436
17179,17,3,795
17180,57,7,1460
17181,8,2,225
17182,57,2,321
17184,204,2,198
17185,226,3,229
17187,161,1,263
17188,81,6,2118
17189,195,3,573
17190,38,5,1298
17191,3,11,2740
17192,171,1,77
17193,21,2,610
17194,165,1,549
17195,290,1,562
17196,62,1,352
17198,0,2,521
17199,217,1,145
17200,22,4,356
17201,158,3,899
17202,55,1,160
17203,23,4,2012
17204,9,5,3940
17205,51,2,615
17207,287,1,303
17208,30,1,115
17209,284,3,611
17210,27,1,253
17211,4,6,1729
17212,93,2,567
17213,1,7,2401
17215,99,1,186
17216,189,1,65
17217,254,1,104
17218,3,9,2231
17219,51,1,144
17220,52,7,1283
17221,226,3,643
17222,112,5,1250
17223,3,2,446
17224,136,1,100
17225,216,1,131
17226,79,2,506
17227,3,7,1082
17228,2,7,1271
17230,198,10,6286
17231,24,15,4022
17233,83,2,369
17235,7,7,1354
17236,45,6,1013
17237,10,2,687
17238,6,17,4038
17239,22,3,806
17240,231,1,130
17241,20,12,2744
17242,91,3,1754
17243,4,44,12213
17244,18,4,871
17245,324,1,200
17246,181,2,38
17248,116,1,227
17249,63,1,68
17251,17,2,529
17254,36,1,198
17255,25,2,500
17256,116,3,258
17257,71,2,192
17258,31,2,417
17259,3,5,1285
17260,46,1,120
17261,144,1,230
17262,1,7,1504
17264,59,1,279
17266,134,2,207
17268,80,7,970
17269,20,1,537
17270,104,2,604
17271,371,1,210
17273,59,1,141
17274,30,1,465
17275,18,1,114
17276,37,1,508
17278,200,1,25
17280,73,1,118
17281,9,6,797
17282,91,2,636
17283,13,1,188
17284,24,2,1140
17285,263,2,428
17286,35,2,241
17287,2,16,3047
17288,25,4,1080
17289,11,6,1134
17290,16,6,976
17292,107,2,271
17293,29,8,1899
17294,304,2,467
17296,365,1,338
17298,9,3,459
17299,74,2,346
17300,25,2,393
17301,259,1,132
17304,169,1,111
17305,283,1,2135
17306,28,2,1151
17307,30,11,3999
17308,28,2,4511
17309,16,2,247
17310,22,2,1025
17311,27,4,2181
17314,28,9,2376
17315,10,5,3358
17316,55,1,124
17318,360,1,164
17319,304,1,29
17320,3,4,1695
17321,29,4,1040
17322,11,5,922
17323,42,5,644
17324,1,9,1311
17325,45,2,512
17326,43,2,321
17327,44,2,152
17328,308,1,104
17329,366,3,481
17330,179,2,59
17332,163,5,838
17334,41,1,328
17335,18,2,508
17336,107,1,81
17338,10,9,5498
17339,0,2,119
17340,1,8,10051
17341,1,3,1108
17342,14,4,1227
17343,11,5,1066
17344,363,1,307
17345,10,6,1066
17346,8,12,2646
17348,72,4,1316
17349,15,4,741
17350,29,3,619
17351,62,9,1401
17352,331,1,36
17353,126,2,1502
17354,63,3,1750
17355,21,1,285
17356,189,4,768
17358,11,3,500
17359,283,1,156
17360,20,3,645
17361,311,2,392
17362,35,5,711
17363,30,3,940
17364,11,17,7589
17365,21,7,3423
17366,67,2,1096
17368,10,6,913
17369,90,1,979
17371,258,3,238
17372,16,20,3034
17373,53,3,520
17374,30,1,231
17375,66,1,260
17376,39,2,250
17377,0,60,14218
17378,9,1,10
17380,69,3,645
17381,3,12,19726
17382,70,7,836
17383,88,1,110
17384,102,1,171
17386,20,1,126
17388,55,7,1432
17389,9,27,25391
17390,55,1,149
17392,85,1,168
17393,45,2,381
17395,143,1,97
17396,6,7,1476
17397,51,1,536
17400,216,3,2547
17401,176,1,114
17402,4,12,2462
17403,85,1,118
17404,44,8,15874
17406,1,11,2704
17407,46,1,552
17408,135,2,283
17409,56,8,7021
17411,21,2,646
17412,7,10,3159
17413,39,2,560
17414,58,4,1471
17416,28,15,10405
17417,183,1,164
17418,22,1,206
17419,2,8,2273
17420,8,4,485
17421,21,3,1059
17422,16,5,1615
17423,28,1,420
17426,87,7,3040
17428,3,18,14562
17429,31,2,832
17430,0,3,469
17432,20,7,1385
17433,20,1,266
17435,46,1,331
17436,43,3,317
17437,164,1,373
17438,79,4,1034
17439,290,1,325
17440,184,1,137
17441,367,1,293
17442,16,9,2371
17448,132,46,14556
17449,22,6,2430
17450,2,7,52422
17454,97,6,1030
17456,0,2,975
17457,14,9,4247
17458,16,1,213
17460,7,12,1605
17463,195,2,661
17464,157,2,710
17465,60,7,2542
17467,30,1,102
17468,10,1,57
17469,35,12,3180
17470,2,7,1679
17471,109,1,321
17472,263,1,224
17473,43,2,607
17474,234,1,1047
17476,30,2,489
17477,247,2,1144
17478,43,2,1272
17479,267,1,389
17480,79,1,390
17482,122,2,778
17483,49,1,177
17484,211,2,209
17487,363,1,160
17488,276,1,336
17490,23,2,658
17491,2,8,2422
17492,113,2,747
17493,20,1,100
17494,136,1,54
17495,25,1,309
17496,198,3,1141
17497,25,2,287
17499,196,1,718
17504,15,9,6568
17505,185,3,1289
17508,16,7,4191
17510,55,1,206
17511,2,31,84541
17512,87,8,2542
17513,43,2,645
17514,304,1,334
17515,29,5,978
17516,13,1,189
17518,60,2,329
17519,3,10,3265
17521,29,2,554
17524,73,2,394
17525,32,2,739
17526,0,9,2970
17529,245,2,1240
17530,0,3,756
17531,162,2,970
17532,20,1,65
17533,69,1,34
17534,86,4,1445
17536,55,2,288
17539,252,4,1226
17540,18,4,1011
17541,144,1,124
17542,276,2,170
17543,184,1,120
17544,25,3,960
17545,25,3,802
17547,10,2,727
17548,13,3,627
17550,32,6,2280
17552,7,10,2154
17553,107,3,2270
17555,60,3,574
17556,14,1,142
17557,367,1,34
17558,28,1,259
17559,147,1,167
17560,30,4,1040
17561,25,3,554
17563,213,2,392
17565,221,1,131
17567,7,2,1024
17568,268,1,382
17570,16,1,100
17571,177,1,205
17572,8,7,496
17575,302,1,171
17576,0,23,5434
17577,280,2,348
17578,109,6,903
17579,213,1,304
17580,11,2,329
17581,7,20,7712
17582,81,4,1275
17583,195,1,135
17584,102,4,4067
17585,80,3,960
17586,254,1,167
17587,263,1,181
17588,31,4,1699
17589,20,14,11645
17591,2,2,550
17592,373,1,148
17593,44,6,4168
17594,84,2,1504
17596,3,7,2092
17597,53,4,1439
17598,16,1,409
17599,112,1,52
17601,15,1,305
17602,107,8,2348
17603,252,3,1398
17604,57,4,636
17605,225,1,160
17606,372,1,87
17607,11,1,333
17608,84,2,305
17609,37,6,782
17610,175,5,1529
17611,56,13,4387
17612,14,12,3346
17615,22,3,403
17616,2,2,489
17617,193,1,395
17618,18,8,3101
17621,39,3,1795
17622,232,2,1130
17623,44,6,1856
17624,72,2,725
17625,81,4,4020
17626,237,1,254
17627,113,1,296
17629,23,2,641
17631,9,4,470
17633,14,3,732
17635,59,3,1265
17638,282,2,842
17639,22,5,506
17640,14,5,2547
17642,64,3,1112
17643,8,2,439
17644,29,9,3132
17646,0,10,3141
17647,304,2,198
17648,20,1,418
17649,104,2,710
17651,133,6,1758
17655,1,3,1013
17657,65,1,126
17659,7,3,835
17660,372,1,163
17662,296,2,412
17663,52,10,3372
17664,109,2,561
17665,128,1,563
17666,112,3,1319
17667,70,4,1895
17669,97,3,2735
17671,0,2,830
17672,52,5,2600
17673,10,7,2604
17674,3,1,300
17675,2,40,17885
17676,1,5,1378
17677,1,28,20329
17678,238,1,301
17679,156,5,1585
17680,18,2,313
17681,232,5,731
17682,3,6,1982
17683,20,3,819
17685,7,6,2751
17686,58,2,2557
17687,55,1,432
17688,28,1,304
17689,23,2,317
17690,1,8,2690
17691,3,3,489
17692,31,8,2234
17694,146,2,1412
17695,29,3,980
17696,17,19,5393
17699,111,2,442
17700,16,10,4145
17702,18,2,1319
17703,53,1,296
17705,90,2,260
17706,1,17,10245
17707,11,6,456
17708,37,2,620
17709,105,4,533
17710,58,1,293
17713,17,4,1198
17714,59,4,1257
17715,227,1,163
17716,31,13,10300
17717,56,1,376
17718,279,1,299
17720,2,7,1572
17721,294,1,307
17722,1,2,2006
17723,10,1,102
17726,30,7,1092
17728,39,2,1362
17729,231,1,438
17730,17,7,2475
17731,256,2,468
17732,7,8,2166
17734,160,3,741
17735,2,8,4134
17738,30,9,2304
17739,9,11,4939
17740,24,6,426
17741,41,2,101
17742,63,9,1743
17743,83,1,229
17744,15,1,326
17745,112,2,600
17746,106,3,793
17748,162,1,358
17749,181,1,351
17751,56,1,157
17753,99,4,390
17754,9,8,2805
17756,10,3,733
17757,3,28,3817
17758,62,4,1555
17759,28,2,441
17760,8,5,631
17762,91,1,129
17763,288,3,71
17764,37,3,804
17765,83,1,158
17766,16,2,299
17767,45,1,141
17768,22,4,1236
17769,18,7,3105
17771,71,2,141
17772,27,1,202
17773,149,2,585
17774,32,5,2102
17776,21,2,338
17778,296,1,197
17780,302,3,352
17782,17,2,679
17783,147,1,96
17784,185,1,112
17785,80,2,271
17787,6,1,736
17789,296,1,171
17790,13,6,818
17792,102,2,370
17794,321,2,147
17796,4,4,664
17797,30,5,1205
17798,216,1,183
17799,24,10,3285
17801,86,3,798
17802,7,8,3768
17803,27,1,184
17804,11,3,385
17805,245,1,414
17807,30,3,437
17808,183,4,262
17809,6,11,5925
17810,303,2,374
17811,9,8,1772
17812,3,4,433
17814,10,2,1617
17815,28,1,591
17816,0,3,75
17817,13,3,420
17818,372,1,130
17819,6,6,2907
17820,9,1,183
17821,41,1,334
17822,55,5,2188
17823,56,2,494
17825,233,4,731
17826,9,1,134
17827,256,1,392
17829,44,4,3867
17833,358,1,342
17834,49,2,730
17838,0,10,3943
17840,78,1,185
17841,0,91,29892
17842,237,1,430
17843,46,1,120
17845,190,4,598
17847,150,2,129
17848,52,21,2749
17849,115,4,457
17850,7,155,51208
17851,57,6,1563
17852,23,3,548
17853,42,3,1608
17854,97,4,760
17855,7,1,208
17857,0,2,1803
17858,4,19,7641
17860,3,4,762
17861,20,10,3026
17862,20,3,948
17863,4,7,2585
17864,20,2,326
17865,10,26,15848
17866,119,2,805
17867,45,9,424
17868,21,1,234
17869,3,3,607
17870,1,2,1213
17871,32,4,963
17872,16,1,235
17873,8,14,4656
17875,323,1,167
17876,34,3,3424
17878,30,2,1032
17880,274,2,366
17882,14,2,313
17883,174,3,324
17884,3,18,2355
17886,72,3,708
17888,9,17,1094
17889,9,5,571
17894,1,11,1333
17897,2,8,2018
17898,87,2,147
17901,156,2,149
17902,181,1,216
17903,29,1,381
17905,8,10,1583
17907,275,1,291
17908,8,5,1168
17909,372,1,132
17910,361,1,261
17912,10,1,64
17913,35,12,3068
17915,186,1,242
17916,263,2,43
17918,135,3,396
17919,73,1,536
17920,3,39,20312
17921,14,6,1596
17922,178,1,170
17923,162,2,289
17924,8,2,574
17925,7,1,244
17926,79,3,638
17927,356,1,294
17928,206,1,128
17929,22,8,2239
17930,28,8,2534
17931,32,12,3028
17933,267,1,114
17934,41,1,344
17935,35,5,540
17938,55,1,144
17940,80,6,26286
17941,225,3,1128
17944,58,1,75
17945,331,3,360
17949,6,74,60117
17950,0,6,950
17951,8,2,627
17952,13,4,819
17953,175,1,160
17954,2,9,1633
17955,290,2,392
17958,363,1,465
17959,227,1,140
17960,157,2,61
17961,7,62,1699
17962,184,3,584
17963,106,4,651
17964,7,1,261
17965,0,17,4618
17966,226,5,875
17967,6,2,234
17968,8,4,610
17969,137,18,2141
17971,183,1,161
17974,16,3,1117
17975,1,12,2540
17976,7,1,353
17977,35,1,1277
17978,0,4,1160
17980,28,1,221
17981,45,1,239
17982,315,1,138
17983,30,1,171
17984,27,4,1038
17987,11,4,805
17988,122,7,288
17989,14,1,228
17990,15,3,896
17991,226,1,227
17992,24,1,254
17993,252,1,235
17994,23,7,1634
17995,17,2,419
17996,14,3,482
17998,15,3,639
17999,1,2,348
18000,199,1,124
18001,84,4,536
18002,10,4,249
18003,11,1,358
18006,16,3,553
18007,27,1,220
18008,50,14,17670
18009,177,7,1898
18011,8,2,424
18012,358,1,115
18016,45,2,476
18017,66,1,165
18018,34,2,175
18020,178,1,190
18021,144,2,227
18022,20,4,983
18025,14,6,1177
18026,135,2,2074
18028,218,1,192
18029,277,1,433
18031,13,1,462
18034,10,1,370
18035,20,2,546
18036,20,8,1158
18037,56,9,97
18038,191,1,149
18039,9,4,579
18041,0,20,4568
18042,176,1,116
18043,1,1,316
18044,22,8,1417
18046,284,1,189
18047,16,2,342
18048,128,1,229
18049,72,2,556
18050,28,1,337
18051,269,7,2282
18052,199,1,10877
18053,160,2,271
18054,27,1,176
18055,2,6,4411
18056,253,1,190
18057,28,3,1203
18058,176,2,603
18060,43,2,1185
18061,1,19,4369
18062,21,3,912
18063,25,2,186
18064,81,9,3681
18065,23,15,3473
18066,21,2,1122
18069,18,6,2503
18070,304,1,314
18071,0,5,975
18074,8,2,1019
18075,9,10,3171
18076,15,1,151
18077,1,8,1705
18078,60,2,508
18079,126,1,590
18083,32,1,470
18084,18,2,722
18085,8,3,955
18087,14,15,10705
18089,81,1,428
18090,56,1,349
18091,228,1,360
18092,0,8,7111
18093,79,4,2346
18094,81,6,3374
18095,62,3,1723
18096,77,3,894
18097,20,5,1965
18098,31,1,550
18100,185,1,451
18101,9,3,405
18102,0,89,349164
18103,184,1,105
18106,111,5,1030
18107,77,1,167
18108,231,2,577
18109,4,13,1840
18110,46,1,199
18111,224,1,405
18112,53,2,423
18113,3,1,76
18115,332,1,9
18116,11,5,736
18118,4,4,1079
18119,2,1,181
18123,148,1,95
18124,107,1,111
18127,38,1,212
18128,172,1,420
18131,266,1,222
18132,139,1,226
18134,233,2,445
18135,27,5,567
18136,44,2,847
18137,186,2,145
18140,108,1,536
18141,36,2,882
18144,8,8,2169
18145,17,7,2756
18148,281,1,114
18149,39,4,1012
18151,55,4,1226
18152,281,1,426
18153,294,1,246
18154,23,3,533
18156,4,1,206
18157,206,1,215
18160,21,1,365
18161,14,1,184
18162,367,1,379
18163,219,1,728
18166,258,1,175
18168,7,11,2600
18170,9,6,1897
18171,105,4,1206
18172,22,32,9918
18173,247,1,589
18174,238,1,58
18175,310,1,176
18177,195,3,875
18178,37,7,4512
18179,157,2,754
18181,35,4,823
18182,98,1,291
18186,357,1,329
18187,266,1,724
18188,65,3,1279
18189,260,1,313
18190,238,3,461
18191,112,1,321
18193,15,2,963
18194,73,5,3188
18195,22,1,101
18196,106,2,775
18197,210,1,230
18199,318,1,344
18201,357,1,447
18203,16,3,344
18206,188,1,314
18207,134,1,544
18208,200,1,360
18210,17,1,147
18212,312,1,298
18214,165,4,1780
18215,72,4,1948
18217,148,2,323
18218,231,2,479
18219,3,8,1493
18220,29,5,1616
18221,25,1,383
18223,22,12,7516
18225,0,15,7545
18226,13,15,6650
18227,119,1,295
18229,1,10,3526
18230,13,2,1480
18231,41,23,4797
18234,186,1,179
18236,23,6,913
18238,150,1,270
18239,7,2,588
18241,50,4,913
18242,80,4,1372
18243,49,1,515
18244,65,2,568
18245,14,13,3757
18246,244,1,162
18247,49,3,839
18251,80,8,21964
18252,183,5,1015
18253,277,1,317
18254,216,1,267
18255,91,1,199
18256,22,1,110
18257,81,4,2262
18258,99,6,2059
18259,1,5,1979
18260,9,17,7318
18262,28,2,428
18264,133,1,603
18266,69,1,251
18267,307,1,269
18268,226,5,1464
18269,1,1,168
18270,67,1,161
18271,244,2,680
18272,183,3,1307
18273,225,1,153
18275,213,2,741
18276,27,5,1320
18277,32,4,1069
18278,39,1,240
18279,154,1,231
18280,29,1,307
18281,212,1,120
18283,17,6,641
18284,66,1,461
18285,295,1,427
18286,111,2,1296
18287,17,4,2345
